dataset,scene,parameter_group,tensor_name,trainable_stage2,shape_init,shape_final,mean_abs_delta,max_abs_delta,l2_delta,init_mean_abs,final_mean_abs,status,init_checkpoint,final_checkpoint
Mip-NeRF360,bicycle,Number of Gaussians,__num_gaussians__,No,4730975,4730975,0,0,0,4730975,4730975,PASS,<OUTPUT_ROOT>\output_ckpt30k\bicycle\chkpnt30000.pth,<PROJECT_ROOT>\output\paper_fairness_controls\bicycle\geofar_sh_ours\chkpnt40000.pth
Mip-NeRF360,bicycle,Position,_xyz,No,4730975x3,4730975x3,0,0,0,5.57997199647,5.57997199647,PASS,<OUTPUT_ROOT>\output_ckpt30k\bicycle\chkpnt30000.pth,<PROJECT_ROOT>\output\paper_fairness_controls\bicycle\geofar_sh_ours\chkpnt40000.pth
Mip-NeRF360,bicycle,Scale,_scaling,No,4730975x3,4730975x3,0,0,0,5.60976020324,5.60976020324,PASS,<OUTPUT_ROOT>\output_ckpt30k\bicycle\chkpnt30000.pth,<PROJECT_ROOT>\output\paper_fairness_controls\bicycle\geofar_sh_ours\chkpnt40000.pth
Mip-NeRF360,bicycle,Rotation,_rotation,No,4730975x4,4730975x4,0,0,0,0.375022259004,0.375022259004,PASS,<OUTPUT_ROOT>\output_ckpt30k\bicycle\chkpnt30000.pth,<PROJECT_ROOT>\output\paper_fairness_controls\bicycle\geofar_sh_ours\chkpnt40000.pth
Mip-NeRF360,bicycle,Opacity,_opacity,No,4730975x1,4730975x1,0,0,0,2.29588729557,2.29588729557,PASS,<OUTPUT_ROOT>\output_ckpt30k\bicycle\chkpnt30000.pth,<PROJECT_ROOT>\output\paper_fairness_controls\bicycle\geofar_sh_ours\chkpnt40000.pth
Mip-NeRF360,bicycle,SH coefficients,_features_dc,Yes,4730975x1x3,4730975x1x3,0.011241439966,0.205217480659,69.3415147408,1.24913426434,1.25110109798,PASS,<OUTPUT_ROOT>\output_ckpt30k\bicycle\chkpnt30000.pth,<PROJECT_ROOT>\output\paper_fairness_controls\bicycle\geofar_sh_ours\chkpnt40000.pth
Mip-NeRF360,bicycle,SH coefficients,_features_rest,Yes,4730975x15x3,4730975x15x3,0.0173340885494,0.269476532936,382.63778685,0.0576447507222,0.0671518311152,PASS,<OUTPUT_ROOT>\output_ckpt30k\bicycle\chkpnt30000.pth,<PROJECT_ROOT>\output\paper_fairness_controls\bicycle\geofar_sh_ours\chkpnt40000.pth
Mip-NeRF360,bicycle,Appearance latent,_appearance_latent,Yes,,4730975x8,,,,,0.17067333731,new_and_trained,<OUTPUT_ROOT>\output_ckpt30k\bicycle\chkpnt30000.pth,<PROJECT_ROOT>\output\paper_fairness_controls\bicycle\geofar_sh_ours\chkpnt40000.pth
Mip-NeRF360,bicycle,Residual heads,app_b_diff,Yes,,3,,,,,0.00429820492476,new_and_trained,<OUTPUT_ROOT>\output_ckpt30k\bicycle\chkpnt30000.pth,<PROJECT_ROOT>\output\paper_fairness_controls\bicycle\geofar_sh_ours\chkpnt40000.pth
Mip-NeRF360,bicycle,Residual heads,app_b_gate,Yes,,1,,,,,0.0141317937523,new_and_trained,<OUTPUT_ROOT>\output_ckpt30k\bicycle\chkpnt30000.pth,<PROJECT_ROOT>\output\paper_fairness_controls\bicycle\geofar_sh_ours\chkpnt40000.pth
Mip-NeRF360,bicycle,Residual heads,app_b_mask,Yes,,1,,,,,0.00150260981172,new_and_trained,<OUTPUT_ROOT>\output_ckpt30k\bicycle\chkpnt30000.pth,<PROJECT_ROOT>\output\paper_fairness_controls\bicycle\geofar_sh_ours\chkpnt40000.pth
Mip-NeRF360,bicycle,Residual heads,app_b_rgb,Yes,,3,,,,,0,new_and_trained,<OUTPUT_ROOT>\output_ckpt30k\bicycle\chkpnt30000.pth,<PROJECT_ROOT>\output\paper_fairness_controls\bicycle\geofar_sh_ours\chkpnt40000.pth
Mip-NeRF360,bicycle,Residual heads,app_b_spec,Yes,,3,,,,,0.00569265304754,new_and_trained,<OUTPUT_ROOT>\output_ckpt30k\bicycle\chkpnt30000.pth,<PROJECT_ROOT>\output\paper_fairness_controls\bicycle\geofar_sh_ours\chkpnt40000.pth
Mip-NeRF360,bicycle,Residual heads,app_w_diff,Yes,,3x12,,,,,0.0662335003524,new_and_trained,<OUTPUT_ROOT>\output_ckpt30k\bicycle\chkpnt30000.pth,<PROJECT_ROOT>\output\paper_fairness_controls\bicycle\geofar_sh_ours\chkpnt40000.pth
Mip-NeRF360,bicycle,Residual heads,app_w_gate,Yes,,1x12,,,,,0.0139529087319,new_and_trained,<OUTPUT_ROOT>\output_ckpt30k\bicycle\chkpnt30000.pth,<PROJECT_ROOT>\output\paper_fairness_controls\bicycle\geofar_sh_ours\chkpnt40000.pth
Mip-NeRF360,bicycle,Residual heads,app_w_mask,Yes,,1x12,,,,,0.0446148532258,new_and_trained,<OUTPUT_ROOT>\output_ckpt30k\bicycle\chkpnt30000.pth,<PROJECT_ROOT>\output\paper_fairness_controls\bicycle\geofar_sh_ours\chkpnt40000.pth
Mip-NeRF360,bicycle,Residual heads,app_w_rgb,Yes,,3x12,,,,,0.00826791041578,new_and_trained,<OUTPUT_ROOT>\output_ckpt30k\bicycle\chkpnt30000.pth,<PROJECT_ROOT>\output\paper_fairness_controls\bicycle\geofar_sh_ours\chkpnt40000.pth
Mip-NeRF360,bicycle,Residual heads,app_w_spec,Yes,,3x12,,,,,0.0675811912677,new_and_trained,<OUTPUT_ROOT>\output_ckpt30k\bicycle\chkpnt30000.pth,<PROJECT_ROOT>\output\paper_fairness_controls\bicycle\geofar_sh_ours\chkpnt40000.pth
Mip-NeRF360,bonsai,Number of Gaussians,__num_gaussians__,No,1061280,1061280,0,0,0,1061280,1061280,PASS,<OUTPUT_ROOT>\output_ckpt30k\bonsai\chkpnt30000.pth,<PROJECT_ROOT>\output\paper_fairness_controls\bonsai\geofar_sh_ours\chkpnt40000.pth
Mip-NeRF360,bonsai,Position,_xyz,No,1061280x3,1061280x3,0,0,0,5.00075084166,5.00075084166,PASS,<OUTPUT_ROOT>\output_ckpt30k\bonsai\chkpnt30000.pth,<PROJECT_ROOT>\output\paper_fairness_controls\bonsai\geofar_sh_ours\chkpnt40000.pth
Mip-NeRF360,bonsai,Scale,_scaling,No,1061280x3,1061280x3,0,0,0,4.66289998306,4.66289998306,PASS,<OUTPUT_ROOT>\output_ckpt30k\bonsai\chkpnt30000.pth,<PROJECT_ROOT>\output\paper_fairness_controls\bonsai\geofar_sh_ours\chkpnt40000.pth
Mip-NeRF360,bonsai,Rotation,_rotation,No,1061280x4,1061280x4,0,0,0,0.361654624222,0.361654624222,PASS,<OUTPUT_ROOT>\output_ckpt30k\bonsai\chkpnt30000.pth,<PROJECT_ROOT>\output\paper_fairness_controls\bonsai\geofar_sh_ours\chkpnt40000.pth
Mip-NeRF360,bonsai,Opacity,_opacity,No,1061280x1,1061280x1,0,0,0,2.14045647998,2.14045647998,PASS,<OUTPUT_ROOT>\output_ckpt30k\bonsai\chkpnt30000.pth,<PROJECT_ROOT>\output\paper_fairness_controls\bonsai\geofar_sh_ours\chkpnt40000.pth
Mip-NeRF360,bonsai,SH coefficients,_features_dc,Yes,1061280x1x3,1061280x1x3,0.00765359957011,0.178504228592,23.0290658655,0.926498349156,0.927139091581,PASS,<OUTPUT_ROOT>\output_ckpt30k\bonsai\chkpnt30000.pth,<PROJECT_ROOT>\output\paper_fairness_controls\bonsai\geofar_sh_ours\chkpnt40000.pth
Mip-NeRF360,bonsai,SH coefficients,_features_rest,Yes,1061280x15x3,1061280x15x3,0.0109434791602,0.259330704808,121.324717315,0.0370218173491,0.042453624052,PASS,<OUTPUT_ROOT>\output_ckpt30k\bonsai\chkpnt30000.pth,<PROJECT_ROOT>\output\paper_fairness_controls\bonsai\geofar_sh_ours\chkpnt40000.pth
Mip-NeRF360,bonsai,Appearance latent,_appearance_latent,Yes,,1061280x8,,,,,0.176852608609,new_and_trained,<OUTPUT_ROOT>\output_ckpt30k\bonsai\chkpnt30000.pth,<PROJECT_ROOT>\output\paper_fairness_controls\bonsai\geofar_sh_ours\chkpnt40000.pth
Mip-NeRF360,bonsai,Residual heads,app_b_diff,Yes,,3,,,,,0.00801247234146,new_and_trained,<OUTPUT_ROOT>\output_ckpt30k\bonsai\chkpnt30000.pth,<PROJECT_ROOT>\output\paper_fairness_controls\bonsai\geofar_sh_ours\chkpnt40000.pth
Mip-NeRF360,bonsai,Residual heads,app_b_gate,Yes,,1,,,,,0.0316640138626,new_and_trained,<OUTPUT_ROOT>\output_ckpt30k\bonsai\chkpnt30000.pth,<PROJECT_ROOT>\output\paper_fairness_controls\bonsai\geofar_sh_ours\chkpnt40000.pth
Mip-NeRF360,bonsai,Residual heads,app_b_mask,Yes,,1,,,,,0.00126403488684,new_and_trained,<OUTPUT_ROOT>\output_ckpt30k\bonsai\chkpnt30000.pth,<PROJECT_ROOT>\output\paper_fairness_controls\bonsai\geofar_sh_ours\chkpnt40000.pth
Mip-NeRF360,bonsai,Residual heads,app_b_rgb,Yes,,3,,,,,0,new_and_trained,<OUTPUT_ROOT>\output_ckpt30k\bonsai\chkpnt30000.pth,<PROJECT_ROOT>\output\paper_fairness_controls\bonsai\geofar_sh_ours\chkpnt40000.pth
Mip-NeRF360,bonsai,Residual heads,app_b_spec,Yes,,3,,,,,0.00913181404273,new_and_trained,<OUTPUT_ROOT>\output_ckpt30k\bonsai\chkpnt30000.pth,<PROJECT_ROOT>\output\paper_fairness_controls\bonsai\geofar_sh_ours\chkpnt40000.pth
Mip-NeRF360,bonsai,Residual heads,app_w_diff,Yes,,3x12,,,,,0.0308218525889,new_and_trained,<OUTPUT_ROOT>\output_ckpt30k\bonsai\chkpnt30000.pth,<PROJECT_ROOT>\output\paper_fairness_controls\bonsai\geofar_sh_ours\chkpnt40000.pth
Mip-NeRF360,bonsai,Residual heads,app_w_gate,Yes,,1x12,,,,,0.0166129015658,new_and_trained,<OUTPUT_ROOT>\output_ckpt30k\bonsai\chkpnt30000.pth,<PROJECT_ROOT>\output\paper_fairness_controls\bonsai\geofar_sh_ours\chkpnt40000.pth
Mip-NeRF360,bonsai,Residual heads,app_w_mask,Yes,,1x12,,,,,0.0156488384528,new_and_trained,<OUTPUT_ROOT>\output_ckpt30k\bonsai\chkpnt30000.pth,<PROJECT_ROOT>\output\paper_fairness_controls\bonsai\geofar_sh_ours\chkpnt40000.pth
Mip-NeRF360,bonsai,Residual heads,app_w_rgb,Yes,,3x12,,,,,0.00826791041578,new_and_trained,<OUTPUT_ROOT>\output_ckpt30k\bonsai\chkpnt30000.pth,<PROJECT_ROOT>\output\paper_fairness_controls\bonsai\geofar_sh_ours\chkpnt40000.pth
Mip-NeRF360,bonsai,Residual heads,app_w_spec,Yes,,3x12,,,,,0.0309383544647,new_and_trained,<OUTPUT_ROOT>\output_ckpt30k\bonsai\chkpnt30000.pth,<PROJECT_ROOT>\output\paper_fairness_controls\bonsai\geofar_sh_ours\chkpnt40000.pth
Mip-NeRF360,counter,Number of Gaussians,__num_gaussians__,No,1046241,1046241,0,0,0,1046241,1046241,PASS,<OUTPUT_ROOT>\output_ckpt30k\counter\chkpnt30000.pth,<PROJECT_ROOT>\output\paper_fairness_controls\counter\geofar_sh_ours\chkpnt40000.pth
Mip-NeRF360,counter,Position,_xyz,No,1046241x3,1046241x3,0,0,0,2.47099101931,2.47099101931,PASS,<OUTPUT_ROOT>\output_ckpt30k\counter\chkpnt30000.pth,<PROJECT_ROOT>\output\paper_fairness_controls\counter\geofar_sh_ours\chkpnt40000.pth
Mip-NeRF360,counter,Scale,_scaling,No,1046241x3,1046241x3,0,0,0,5.4610205399,5.4610205399,PASS,<OUTPUT_ROOT>\output_ckpt30k\counter\chkpnt30000.pth,<PROJECT_ROOT>\output\paper_fairness_controls\counter\geofar_sh_ours\chkpnt40000.pth
Mip-NeRF360,counter,Rotation,_rotation,No,1046241x4,1046241x4,0,0,0,0.354712414993,0.354712414993,PASS,<OUTPUT_ROOT>\output_ckpt30k\counter\chkpnt30000.pth,<PROJECT_ROOT>\output\paper_fairness_controls\counter\geofar_sh_ours\chkpnt40000.pth
Mip-NeRF360,counter,Opacity,_opacity,No,1046241x1,1046241x1,0,0,0,2.20310093072,2.20310093072,PASS,<OUTPUT_ROOT>\output_ckpt30k\counter\chkpnt30000.pth,<PROJECT_ROOT>\output\paper_fairness_controls\counter\geofar_sh_ours\chkpnt40000.pth
Mip-NeRF360,counter,SH coefficients,_features_dc,Yes,1046241x1x3,1046241x1x3,0.0096684753048,0.195384025574,28.3647565238,1.02942674639,1.03074172237,PASS,<OUTPUT_ROOT>\output_ckpt30k\counter\chkpnt30000.pth,<PROJECT_ROOT>\output\paper_fairness_controls\counter\geofar_sh_ours\chkpnt40000.pth
Mip-NeRF360,counter,SH coefficients,_features_rest,Yes,1046241x15x3,1046241x15x3,0.0132305023292,0.255252361298,140.959983387,0.0424742981513,0.0491504243828,PASS,<OUTPUT_ROOT>\output_ckpt30k\counter\chkpnt30000.pth,<PROJECT_ROOT>\output\paper_fairness_controls\counter\geofar_sh_ours\chkpnt40000.pth
Mip-NeRF360,counter,Appearance latent,_appearance_latent,Yes,,1046241x8,,,,,0.175670479063,new_and_trained,<OUTPUT_ROOT>\output_ckpt30k\counter\chkpnt30000.pth,<PROJECT_ROOT>\output\paper_fairness_controls\counter\geofar_sh_ours\chkpnt40000.pth
Mip-NeRF360,counter,Residual heads,app_b_diff,Yes,,3,,,,,0.00154736440769,new_and_trained,<OUTPUT_ROOT>\output_ckpt30k\counter\chkpnt30000.pth,<PROJECT_ROOT>\output\paper_fairness_controls\counter\geofar_sh_ours\chkpnt40000.pth
Mip-NeRF360,counter,Residual heads,app_b_gate,Yes,,1,,,,,0.0497712083161,new_and_trained,<OUTPUT_ROOT>\output_ckpt30k\counter\chkpnt30000.pth,<PROJECT_ROOT>\output\paper_fairness_controls\counter\geofar_sh_ours\chkpnt40000.pth
Mip-NeRF360,counter,Residual heads,app_b_mask,Yes,,1,,,,,0.0010550962761,new_and_trained,<OUTPUT_ROOT>\output_ckpt30k\counter\chkpnt30000.pth,<PROJECT_ROOT>\output\paper_fairness_controls\counter\geofar_sh_ours\chkpnt40000.pth
Mip-NeRF360,counter,Residual heads,app_b_rgb,Yes,,3,,,,,0,new_and_trained,<OUTPUT_ROOT>\output_ckpt30k\counter\chkpnt30000.pth,<PROJECT_ROOT>\output\paper_fairness_controls\counter\geofar_sh_ours\chkpnt40000.pth
Mip-NeRF360,counter,Residual heads,app_b_spec,Yes,,3,,,,,0.00320014975538,new_and_trained,<OUTPUT_ROOT>\output_ckpt30k\counter\chkpnt30000.pth,<PROJECT_ROOT>\output\paper_fairness_controls\counter\geofar_sh_ours\chkpnt40000.pth
Mip-NeRF360,counter,Residual heads,app_w_diff,Yes,,3x12,,,,,0.0355819739497,new_and_trained,<OUTPUT_ROOT>\output_ckpt30k\counter\chkpnt30000.pth,<PROJECT_ROOT>\output\paper_fairness_controls\counter\geofar_sh_ours\chkpnt40000.pth
Mip-NeRF360,counter,Residual heads,app_w_gate,Yes,,1x12,,,,,0.0400015454895,new_and_trained,<OUTPUT_ROOT>\output_ckpt30k\counter\chkpnt30000.pth,<PROJECT_ROOT>\output\paper_fairness_controls\counter\geofar_sh_ours\chkpnt40000.pth
Mip-NeRF360,counter,Residual heads,app_w_mask,Yes,,1x12,,,,,0.0323180584043,new_and_trained,<OUTPUT_ROOT>\output_ckpt30k\counter\chkpnt30000.pth,<PROJECT_ROOT>\output\paper_fairness_controls\counter\geofar_sh_ours\chkpnt40000.pth
Mip-NeRF360,counter,Residual heads,app_w_rgb,Yes,,3x12,,,,,0.00826791041578,new_and_trained,<OUTPUT_ROOT>\output_ckpt30k\counter\chkpnt30000.pth,<PROJECT_ROOT>\output\paper_fairness_controls\counter\geofar_sh_ours\chkpnt40000.pth
Mip-NeRF360,counter,Residual heads,app_w_spec,Yes,,3x12,,,,,0.0342224652882,new_and_trained,<OUTPUT_ROOT>\output_ckpt30k\counter\chkpnt30000.pth,<PROJECT_ROOT>\output\paper_fairness_controls\counter\geofar_sh_ours\chkpnt40000.pth
Mip-NeRF360,flowers,Number of Gaussians,__num_gaussians__,No,2834591,2834591,0,0,0,2834591,2834591,PASS,<OUTPUT_ROOT>\output_ckpt30k\flowers\chkpnt30000.pth,<PROJECT_ROOT>\output\paper_fairness_controls\flowers\geofar_sh_ours\chkpnt40000.pth
Mip-NeRF360,flowers,Position,_xyz,No,2834591x3,2834591x3,0,0,0,5.50456130368,5.50456130368,PASS,<OUTPUT_ROOT>\output_ckpt30k\flowers\chkpnt30000.pth,<PROJECT_ROOT>\output\paper_fairness_controls\flowers\geofar_sh_ours\chkpnt40000.pth
Mip-NeRF360,flowers,Scale,_scaling,No,2834591x3,2834591x3,0,0,0,5.6103893887,5.6103893887,PASS,<OUTPUT_ROOT>\output_ckpt30k\flowers\chkpnt30000.pth,<PROJECT_ROOT>\output\paper_fairness_controls\flowers\geofar_sh_ours\chkpnt40000.pth
Mip-NeRF360,flowers,Rotation,_rotation,No,2834591x4,2834591x4,0,0,0,0.37538870397,0.37538870397,PASS,<OUTPUT_ROOT>\output_ckpt30k\flowers\chkpnt30000.pth,<PROJECT_ROOT>\output\paper_fairness_controls\flowers\geofar_sh_ours\chkpnt40000.pth
Mip-NeRF360,flowers,Opacity,_opacity,No,2834591x1,2834591x1,0,0,0,2.17662989329,2.17662989329,PASS,<OUTPUT_ROOT>\output_ckpt30k\flowers\chkpnt30000.pth,<PROJECT_ROOT>\output\paper_fairness_controls\flowers\geofar_sh_ours\chkpnt40000.pth
Mip-NeRF360,flowers,SH coefficients,_features_dc,Yes,2834591x1x3,2834591x1x3,0.0101592889733,0.22554063797,48.1569864911,1.21712035531,1.21888534407,PASS,<OUTPUT_ROOT>\output_ckpt30k\flowers\chkpnt30000.pth,<PROJECT_ROOT>\output\paper_fairness_controls\flowers\geofar_sh_ours\chkpnt40000.pth
Mip-NeRF360,flowers,SH coefficients,_features_rest,Yes,2834591x15x3,2834591x15x3,0.0170162654592,0.275366961956,293.670223986,0.0606035331957,0.070278550976,PASS,<OUTPUT_ROOT>\output_ckpt30k\flowers\chkpnt30000.pth,<PROJECT_ROOT>\output\paper_fairness_controls\flowers\geofar_sh_ours\chkpnt40000.pth
Mip-NeRF360,flowers,Appearance latent,_appearance_latent,Yes,,2834591x8,,,,,0.128826449114,new_and_trained,<OUTPUT_ROOT>\output_ckpt30k\flowers\chkpnt30000.pth,<PROJECT_ROOT>\output\paper_fairness_controls\flowers\geofar_sh_ours\chkpnt40000.pth
Mip-NeRF360,flowers,Residual heads,app_b_diff,Yes,,3,,,,,0.00566624027366,new_and_trained,<OUTPUT_ROOT>\output_ckpt30k\flowers\chkpnt30000.pth,<PROJECT_ROOT>\output\paper_fairness_controls\flowers\geofar_sh_ours\chkpnt40000.pth
Mip-NeRF360,flowers,Residual heads,app_b_gate,Yes,,1,,,,,0.00533243874088,new_and_trained,<OUTPUT_ROOT>\output_ckpt30k\flowers\chkpnt30000.pth,<PROJECT_ROOT>\output\paper_fairness_controls\flowers\geofar_sh_ours\chkpnt40000.pth
Mip-NeRF360,flowers,Residual heads,app_b_mask,Yes,,1,,,,,0.00141622871161,new_and_trained,<OUTPUT_ROOT>\output_ckpt30k\flowers\chkpnt30000.pth,<PROJECT_ROOT>\output\paper_fairness_controls\flowers\geofar_sh_ours\chkpnt40000.pth
Mip-NeRF360,flowers,Residual heads,app_b_rgb,Yes,,3,,,,,0,new_and_trained,<OUTPUT_ROOT>\output_ckpt30k\flowers\chkpnt30000.pth,<PROJECT_ROOT>\output\paper_fairness_controls\flowers\geofar_sh_ours\chkpnt40000.pth
Mip-NeRF360,flowers,Residual heads,app_b_spec,Yes,,3,,,,,0.00679917866364,new_and_trained,<OUTPUT_ROOT>\output_ckpt30k\flowers\chkpnt30000.pth,<PROJECT_ROOT>\output\paper_fairness_controls\flowers\geofar_sh_ours\chkpnt40000.pth
Mip-NeRF360,flowers,Residual heads,app_w_diff,Yes,,3x12,,,,,0.0648698291487,new_and_trained,<OUTPUT_ROOT>\output_ckpt30k\flowers\chkpnt30000.pth,<PROJECT_ROOT>\output\paper_fairness_controls\flowers\geofar_sh_ours\chkpnt40000.pth
Mip-NeRF360,flowers,Residual heads,app_w_gate,Yes,,1x12,,,,,0.0317680263349,new_and_trained,<OUTPUT_ROOT>\output_ckpt30k\flowers\chkpnt30000.pth,<PROJECT_ROOT>\output\paper_fairness_controls\flowers\geofar_sh_ours\chkpnt40000.pth
Mip-NeRF360,flowers,Residual heads,app_w_mask,Yes,,1x12,,,,,0.0613529616482,new_and_trained,<OUTPUT_ROOT>\output_ckpt30k\flowers\chkpnt30000.pth,<PROJECT_ROOT>\output\paper_fairness_controls\flowers\geofar_sh_ours\chkpnt40000.pth
Mip-NeRF360,flowers,Residual heads,app_w_rgb,Yes,,3x12,,,,,0.00826791041578,new_and_trained,<OUTPUT_ROOT>\output_ckpt30k\flowers\chkpnt30000.pth,<PROJECT_ROOT>\output\paper_fairness_controls\flowers\geofar_sh_ours\chkpnt40000.pth
Mip-NeRF360,flowers,Residual heads,app_w_spec,Yes,,3x12,,,,,0.0674627558684,new_and_trained,<OUTPUT_ROOT>\output_ckpt30k\flowers\chkpnt30000.pth,<PROJECT_ROOT>\output\paper_fairness_controls\flowers\geofar_sh_ours\chkpnt40000.pth
Mip-NeRF360,garden,Number of Gaussians,__num_gaussians__,No,4225468,4225468,0,0,0,4225468,4225468,PASS,<OUTPUT_ROOT>\output_ckpt30k\garden\chkpnt30000.pth,<PROJECT_ROOT>\output\paper_fairness_controls\garden\geofar_sh_ours\chkpnt40000.pth
Mip-NeRF360,garden,Position,_xyz,No,4225468x3,4225468x3,0,0,0,4.99269641002,4.99269641002,PASS,<OUTPUT_ROOT>\output_ckpt30k\garden\chkpnt30000.pth,<PROJECT_ROOT>\output\paper_fairness_controls\garden\geofar_sh_ours\chkpnt40000.pth
Mip-NeRF360,garden,Scale,_scaling,No,4225468x3,4225468x3,0,0,0,6.05764897712,6.05764897712,PASS,<OUTPUT_ROOT>\output_ckpt30k\garden\chkpnt30000.pth,<PROJECT_ROOT>\output\paper_fairness_controls\garden\geofar_sh_ours\chkpnt40000.pth
Mip-NeRF360,garden,Rotation,_rotation,No,4225468x4,4225468x4,0,0,0,0.36241277358,0.36241277358,PASS,<OUTPUT_ROOT>\output_ckpt30k\garden\chkpnt30000.pth,<PROJECT_ROOT>\output\paper_fairness_controls\garden\geofar_sh_ours\chkpnt40000.pth
Mip-NeRF360,garden,Opacity,_opacity,No,4225468x1,4225468x1,0,0,0,1.97650365851,1.97650365851,PASS,<OUTPUT_ROOT>\output_ckpt30k\garden\chkpnt30000.pth,<PROJECT_ROOT>\output\paper_fairness_controls\garden\geofar_sh_ours\chkpnt40000.pth
Mip-NeRF360,garden,SH coefficients,_features_dc,Yes,4225468x1x3,4225468x1x3,0.00956815288301,0.249205552042,53.6634499279,0.888910768748,0.890061942098,PASS,<OUTPUT_ROOT>\output_ckpt30k\garden\chkpnt30000.pth,<PROJECT_ROOT>\output\paper_fairness_controls\garden\geofar_sh_ours\chkpnt40000.pth
Mip-NeRF360,garden,SH coefficients,_features_rest,Yes,4225468x15x3,4225468x15x3,0.0142924440074,0.272385776043,292.965758757,0.0491357767583,0.0566105074748,PASS,<OUTPUT_ROOT>\output_ckpt30k\garden\chkpnt30000.pth,<PROJECT_ROOT>\output\paper_fairness_controls\garden\geofar_sh_ours\chkpnt40000.pth
Mip-NeRF360,garden,Appearance latent,_appearance_latent,Yes,,4225468x8,,,,,0.0983018424498,new_and_trained,<OUTPUT_ROOT>\output_ckpt30k\garden\chkpnt30000.pth,<PROJECT_ROOT>\output\paper_fairness_controls\garden\geofar_sh_ours\chkpnt40000.pth
Mip-NeRF360,garden,Residual heads,app_b_diff,Yes,,3,,,,,0.00674066583936,new_and_trained,<OUTPUT_ROOT>\output_ckpt30k\garden\chkpnt30000.pth,<PROJECT_ROOT>\output\paper_fairness_controls\garden\geofar_sh_ours\chkpnt40000.pth
Mip-NeRF360,garden,Residual heads,app_b_gate,Yes,,1,,,,,0.0183028243482,new_and_trained,<OUTPUT_ROOT>\output_ckpt30k\garden\chkpnt30000.pth,<PROJECT_ROOT>\output\paper_fairness_controls\garden\geofar_sh_ours\chkpnt40000.pth
Mip-NeRF360,garden,Residual heads,app_b_mask,Yes,,1,,,,,0.00127904710826,new_and_trained,<OUTPUT_ROOT>\output_ckpt30k\garden\chkpnt30000.pth,<PROJECT_ROOT>\output\paper_fairness_controls\garden\geofar_sh_ours\chkpnt40000.pth
Mip-NeRF360,garden,Residual heads,app_b_rgb,Yes,,3,,,,,0,new_and_trained,<OUTPUT_ROOT>\output_ckpt30k\garden\chkpnt30000.pth,<PROJECT_ROOT>\output\paper_fairness_controls\garden\geofar_sh_ours\chkpnt40000.pth
Mip-NeRF360,garden,Residual heads,app_b_spec,Yes,,3,,,,,0.00812280767908,new_and_trained,<OUTPUT_ROOT>\output_ckpt30k\garden\chkpnt30000.pth,<PROJECT_ROOT>\output\paper_fairness_controls\garden\geofar_sh_ours\chkpnt40000.pth
Mip-NeRF360,garden,Residual heads,app_w_diff,Yes,,3x12,,,,,0.0392909854992,new_and_trained,<OUTPUT_ROOT>\output_ckpt30k\garden\chkpnt30000.pth,<PROJECT_ROOT>\output\paper_fairness_controls\garden\geofar_sh_ours\chkpnt40000.pth
Mip-NeRF360,garden,Residual heads,app_w_gate,Yes,,1x12,,,,,0.0657969510648,new_and_trained,<OUTPUT_ROOT>\output_ckpt30k\garden\chkpnt30000.pth,<PROJECT_ROOT>\output\paper_fairness_controls\garden\geofar_sh_ours\chkpnt40000.pth
Mip-NeRF360,garden,Residual heads,app_w_mask,Yes,,1x12,,,,,0.0518127523022,new_and_trained,<OUTPUT_ROOT>\output_ckpt30k\garden\chkpnt30000.pth,<PROJECT_ROOT>\output\paper_fairness_controls\garden\geofar_sh_ours\chkpnt40000.pth
Mip-NeRF360,garden,Residual heads,app_w_rgb,Yes,,3x12,,,,,0.00826791041578,new_and_trained,<OUTPUT_ROOT>\output_ckpt30k\garden\chkpnt30000.pth,<PROJECT_ROOT>\output\paper_fairness_controls\garden\geofar_sh_ours\chkpnt40000.pth
Mip-NeRF360,garden,Residual heads,app_w_spec,Yes,,3x12,,,,,0.0371084642991,new_and_trained,<OUTPUT_ROOT>\output_ckpt30k\garden\chkpnt30000.pth,<PROJECT_ROOT>\output\paper_fairness_controls\garden\geofar_sh_ours\chkpnt40000.pth
Mip-NeRF360,kitchen,Number of Gaussians,__num_gaussians__,No,1539345,1539345,0,0,0,1539345,1539345,PASS,<OUTPUT_ROOT>\output_ckpt30k\kitchen\chkpnt30000.pth,<PROJECT_ROOT>\output\paper_fairness_controls\kitchen\geofar_sh_ours\chkpnt40000.pth
Mip-NeRF360,kitchen,Position,_xyz,No,1539345x3,1539345x3,0,0,0,2.76916352337,2.76916352337,PASS,<OUTPUT_ROOT>\output_ckpt30k\kitchen\chkpnt30000.pth,<PROJECT_ROOT>\output\paper_fairness_controls\kitchen\geofar_sh_ours\chkpnt40000.pth
Mip-NeRF360,kitchen,Scale,_scaling,No,1539345x3,1539345x3,0,0,0,5.53151136437,5.53151136437,PASS,<OUTPUT_ROOT>\output_ckpt30k\kitchen\chkpnt30000.pth,<PROJECT_ROOT>\output\paper_fairness_controls\kitchen\geofar_sh_ours\chkpnt40000.pth
Mip-NeRF360,kitchen,Rotation,_rotation,No,1539345x4,1539345x4,0,0,0,0.349587418349,0.349587418349,PASS,<OUTPUT_ROOT>\output_ckpt30k\kitchen\chkpnt30000.pth,<PROJECT_ROOT>\output\paper_fairness_controls\kitchen\geofar_sh_ours\chkpnt40000.pth
Mip-NeRF360,kitchen,Opacity,_opacity,No,1539345x1,1539345x1,0,0,0,2.02160178779,2.02160178779,PASS,<OUTPUT_ROOT>\output_ckpt30k\kitchen\chkpnt30000.pth,<PROJECT_ROOT>\output\paper_fairness_controls\kitchen\geofar_sh_ours\chkpnt40000.pth
Mip-NeRF360,kitchen,SH coefficients,_features_dc,Yes,1539345x1x3,1539345x1x3,0.00846667590497,0.197923898697,28.2208745638,0.728811694684,0.730650519545,PASS,<OUTPUT_ROOT>\output_ckpt30k\kitchen\chkpnt30000.pth,<PROJECT_ROOT>\output\paper_fairness_controls\kitchen\geofar_sh_ours\chkpnt40000.pth
Mip-NeRF360,kitchen,SH coefficients,_features_rest,Yes,1539345x15x3,1539345x15x3,0.0117495852978,0.245314061642,144.195414691,0.0405314428671,0.0465814803101,PASS,<OUTPUT_ROOT>\output_ckpt30k\kitchen\chkpnt30000.pth,<PROJECT_ROOT>\output\paper_fairness_controls\kitchen\geofar_sh_ours\chkpnt40000.pth
Mip-NeRF360,kitchen,Appearance latent,_appearance_latent,Yes,,1539345x8,,,,,0.141645574427,new_and_trained,<OUTPUT_ROOT>\output_ckpt30k\kitchen\chkpnt30000.pth,<PROJECT_ROOT>\output\paper_fairness_controls\kitchen\geofar_sh_ours\chkpnt40000.pth
Mip-NeRF360,kitchen,Residual heads,app_b_diff,Yes,,3,,,,,0.00532741146162,new_and_trained,<OUTPUT_ROOT>\output_ckpt30k\kitchen\chkpnt30000.pth,<PROJECT_ROOT>\output\paper_fairness_controls\kitchen\geofar_sh_ours\chkpnt40000.pth
Mip-NeRF360,kitchen,Residual heads,app_b_gate,Yes,,1,,,,,0.0360507592559,new_and_trained,<OUTPUT_ROOT>\output_ckpt30k\kitchen\chkpnt30000.pth,<PROJECT_ROOT>\output\paper_fairness_controls\kitchen\geofar_sh_ours\chkpnt40000.pth
Mip-NeRF360,kitchen,Residual heads,app_b_mask,Yes,,1,,,,,0.000305216701236,new_and_trained,<OUTPUT_ROOT>\output_ckpt30k\kitchen\chkpnt30000.pth,<PROJECT_ROOT>\output\paper_fairness_controls\kitchen\geofar_sh_ours\chkpnt40000.pth
Mip-NeRF360,kitchen,Residual heads,app_b_rgb,Yes,,3,,,,,0,new_and_trained,<OUTPUT_ROOT>\output_ckpt30k\kitchen\chkpnt30000.pth,<PROJECT_ROOT>\output\paper_fairness_controls\kitchen\geofar_sh_ours\chkpnt40000.pth
Mip-NeRF360,kitchen,Residual heads,app_b_spec,Yes,,3,,,,,0.00662657176144,new_and_trained,<OUTPUT_ROOT>\output_ckpt30k\kitchen\chkpnt30000.pth,<PROJECT_ROOT>\output\paper_fairness_controls\kitchen\geofar_sh_ours\chkpnt40000.pth
Mip-NeRF360,kitchen,Residual heads,app_w_diff,Yes,,3x12,,,,,0.0310113352017,new_and_trained,<OUTPUT_ROOT>\output_ckpt30k\kitchen\chkpnt30000.pth,<PROJECT_ROOT>\output\paper_fairness_controls\kitchen\geofar_sh_ours\chkpnt40000.pth
Mip-NeRF360,kitchen,Residual heads,app_w_gate,Yes,,1x12,,,,,0.0319128034947,new_and_trained,<OUTPUT_ROOT>\output_ckpt30k\kitchen\chkpnt30000.pth,<PROJECT_ROOT>\output\paper_fairness_controls\kitchen\geofar_sh_ours\chkpnt40000.pth
Mip-NeRF360,kitchen,Residual heads,app_w_mask,Yes,,1x12,,,,,0.0303876014902,new_and_trained,<OUTPUT_ROOT>\output_ckpt30k\kitchen\chkpnt30000.pth,<PROJECT_ROOT>\output\paper_fairness_controls\kitchen\geofar_sh_ours\chkpnt40000.pth
Mip-NeRF360,kitchen,Residual heads,app_w_rgb,Yes,,3x12,,,,,0.00826791041578,new_and_trained,<OUTPUT_ROOT>\output_ckpt30k\kitchen\chkpnt30000.pth,<PROJECT_ROOT>\output\paper_fairness_controls\kitchen\geofar_sh_ours\chkpnt40000.pth
Mip-NeRF360,kitchen,Residual heads,app_w_spec,Yes,,3x12,,,,,0.0299091491533,new_and_trained,<OUTPUT_ROOT>\output_ckpt30k\kitchen\chkpnt30000.pth,<PROJECT_ROOT>\output\paper_fairness_controls\kitchen\geofar_sh_ours\chkpnt40000.pth
Mip-NeRF360,room,Number of Gaussians,__num_gaussians__,No,1264592,1264592,0,0,0,1264592,1264592,PASS,<OUTPUT_ROOT>\output_ckpt30k\room\chkpnt30000.pth,<PROJECT_ROOT>\output\paper_fairness_controls\room\geofar_sh_ours\chkpnt40000.pth
Mip-NeRF360,room,Position,_xyz,No,1264592x3,1264592x3,0,0,0,2.60466613805,2.60466613805,PASS,<OUTPUT_ROOT>\output_ckpt30k\room\chkpnt30000.pth,<PROJECT_ROOT>\output\paper_fairness_controls\room\geofar_sh_ours\chkpnt40000.pth
Mip-NeRF360,room,Scale,_scaling,No,1264592x3,1264592x3,0,0,0,5.15075263313,5.15075263313,PASS,<OUTPUT_ROOT>\output_ckpt30k\room\chkpnt30000.pth,<PROJECT_ROOT>\output\paper_fairness_controls\room\geofar_sh_ours\chkpnt40000.pth
Mip-NeRF360,room,Rotation,_rotation,No,1264592x4,1264592x4,0,0,0,0.365323183308,0.365323183308,PASS,<OUTPUT_ROOT>\output_ckpt30k\room\chkpnt30000.pth,<PROJECT_ROOT>\output\paper_fairness_controls\room\geofar_sh_ours\chkpnt40000.pth
Mip-NeRF360,room,Opacity,_opacity,No,1264592x1,1264592x1,0,0,0,2.50029367127,2.50029367127,PASS,<OUTPUT_ROOT>\output_ckpt30k\room\chkpnt30000.pth,<PROJECT_ROOT>\output\paper_fairness_controls\room\geofar_sh_ours\chkpnt40000.pth
Mip-NeRF360,room,SH coefficients,_features_dc,Yes,1264592x1x3,1264592x1x3,0.00832593208421,0.251107215881,27.927548095,1.00841836215,1.00927082901,PASS,<OUTPUT_ROOT>\output_ckpt30k\room\chkpnt30000.pth,<PROJECT_ROOT>\output\paper_fairness_controls\room\geofar_sh_ours\chkpnt40000.pth
Mip-NeRF360,room,SH coefficients,_features_rest,Yes,1264592x15x3,1264592x15x3,0.0103708730652,0.275157779455,129.011776499,0.0268636013145,0.0321662191616,PASS,<OUTPUT_ROOT>\output_ckpt30k\room\chkpnt30000.pth,<PROJECT_ROOT>\output\paper_fairness_controls\room\geofar_sh_ours\chkpnt40000.pth
Mip-NeRF360,room,Appearance latent,_appearance_latent,Yes,,1264592x8,,,,,0.252070294485,new_and_trained,<OUTPUT_ROOT>\output_ckpt30k\room\chkpnt30000.pth,<PROJECT_ROOT>\output\paper_fairness_controls\room\geofar_sh_ours\chkpnt40000.pth
Mip-NeRF360,room,Residual heads,app_b_diff,Yes,,3,,,,,0.0027833978141,new_and_trained,<OUTPUT_ROOT>\output_ckpt30k\room\chkpnt30000.pth,<PROJECT_ROOT>\output\paper_fairness_controls\room\geofar_sh_ours\chkpnt40000.pth
Mip-NeRF360,room,Residual heads,app_b_gate,Yes,,1,,,,,0.0830426961184,new_and_trained,<OUTPUT_ROOT>\output_ckpt30k\room\chkpnt30000.pth,<PROJECT_ROOT>\output\paper_fairness_controls\room\geofar_sh_ours\chkpnt40000.pth
Mip-NeRF360,room,Residual heads,app_b_mask,Yes,,1,,,,,0.00111967057455,new_and_trained,<OUTPUT_ROOT>\output_ckpt30k\room\chkpnt30000.pth,<PROJECT_ROOT>\output\paper_fairness_controls\room\geofar_sh_ours\chkpnt40000.pth
Mip-NeRF360,room,Residual heads,app_b_rgb,Yes,,3,,,,,0,new_and_trained,<OUTPUT_ROOT>\output_ckpt30k\room\chkpnt30000.pth,<PROJECT_ROOT>\output\paper_fairness_controls\room\geofar_sh_ours\chkpnt40000.pth
Mip-NeRF360,room,Residual heads,app_b_spec,Yes,,3,,,,,0.0037040792716,new_and_trained,<OUTPUT_ROOT>\output_ckpt30k\room\chkpnt30000.pth,<PROJECT_ROOT>\output\paper_fairness_controls\room\geofar_sh_ours\chkpnt40000.pth
Mip-NeRF360,room,Residual heads,app_w_diff,Yes,,3x12,,,,,0.0308661227456,new_and_trained,<OUTPUT_ROOT>\output_ckpt30k\room\chkpnt30000.pth,<PROJECT_ROOT>\output\paper_fairness_controls\room\geofar_sh_ours\chkpnt40000.pth
Mip-NeRF360,room,Residual heads,app_w_gate,Yes,,1x12,,,,,0.0226259629562,new_and_trained,<OUTPUT_ROOT>\output_ckpt30k\room\chkpnt30000.pth,<PROJECT_ROOT>\output\paper_fairness_controls\room\geofar_sh_ours\chkpnt40000.pth
Mip-NeRF360,room,Residual heads,app_w_mask,Yes,,1x12,,,,,0.026134625184,new_and_trained,<OUTPUT_ROOT>\output_ckpt30k\room\chkpnt30000.pth,<PROJECT_ROOT>\output\paper_fairness_controls\room\geofar_sh_ours\chkpnt40000.pth
Mip-NeRF360,room,Residual heads,app_w_rgb,Yes,,3x12,,,,,0.00826791041578,new_and_trained,<OUTPUT_ROOT>\output_ckpt30k\room\chkpnt30000.pth,<PROJECT_ROOT>\output\paper_fairness_controls\room\geofar_sh_ours\chkpnt40000.pth
Mip-NeRF360,room,Residual heads,app_w_spec,Yes,,3x12,,,,,0.0319019117402,new_and_trained,<OUTPUT_ROOT>\output_ckpt30k\room\chkpnt30000.pth,<PROJECT_ROOT>\output\paper_fairness_controls\room\geofar_sh_ours\chkpnt40000.pth
Mip-NeRF360,stump,Number of Gaussians,__num_gaussians__,No,4068066,4068066,0,0,0,4068066,4068066,PASS,<OUTPUT_ROOT>\output_ckpt30k\stump\chkpnt30000.pth,<PROJECT_ROOT>\output\paper_fairness_controls\stump\geofar_sh_ours\chkpnt40000.pth
Mip-NeRF360,stump,Position,_xyz,No,4068066x3,4068066x3,0,0,0,18.1426977358,18.1426977358,PASS,<OUTPUT_ROOT>\output_ckpt30k\stump\chkpnt30000.pth,<PROJECT_ROOT>\output\paper_fairness_controls\stump\geofar_sh_ours\chkpnt40000.pth
Mip-NeRF360,stump,Scale,_scaling,No,4068066x3,4068066x3,0,0,0,4.51907957088,4.51907957088,PASS,<OUTPUT_ROOT>\output_ckpt30k\stump\chkpnt30000.pth,<PROJECT_ROOT>\output\paper_fairness_controls\stump\geofar_sh_ours\chkpnt40000.pth
Mip-NeRF360,stump,Rotation,_rotation,No,4068066x4,4068066x4,0,0,0,0.373505964237,0.373505964237,PASS,<OUTPUT_ROOT>\output_ckpt30k\stump\chkpnt30000.pth,<PROJECT_ROOT>\output\paper_fairness_controls\stump\geofar_sh_ours\chkpnt40000.pth
Mip-NeRF360,stump,Opacity,_opacity,No,4068066x1,4068066x1,0,0,0,2.07142366723,2.07142366723,PASS,<OUTPUT_ROOT>\output_ckpt30k\stump\chkpnt30000.pth,<PROJECT_ROOT>\output\paper_fairness_controls\stump\geofar_sh_ours\chkpnt40000.pth
Mip-NeRF360,stump,SH coefficients,_features_dc,Yes,4068066x1x3,4068066x1x3,0.0127914172962,0.196289718151,72.958147787,1.21647741675,1.21703254948,PASS,<OUTPUT_ROOT>\output_ckpt30k\stump\chkpnt30000.pth,<PROJECT_ROOT>\output\paper_fairness_controls\stump\geofar_sh_ours\chkpnt40000.pth
Mip-NeRF360,stump,SH coefficients,_features_rest,Yes,4068066x15x3,4068066x15x3,0.0177982029783,0.318549990654,365.462662627,0.0522306572608,0.0605058471206,PASS,<OUTPUT_ROOT>\output_ckpt30k\stump\chkpnt30000.pth,<PROJECT_ROOT>\output\paper_fairness_controls\stump\geofar_sh_ours\chkpnt40000.pth
Mip-NeRF360,stump,Appearance latent,_appearance_latent,Yes,,4068066x8,,,,,0.156219812208,new_and_trained,<OUTPUT_ROOT>\output_ckpt30k\stump\chkpnt30000.pth,<PROJECT_ROOT>\output\paper_fairness_controls\stump\geofar_sh_ours\chkpnt40000.pth
Mip-NeRF360,stump,Residual heads,app_b_diff,Yes,,3,,,,,0.00696113814289,new_and_trained,<OUTPUT_ROOT>\output_ckpt30k\stump\chkpnt30000.pth,<PROJECT_ROOT>\output\paper_fairness_controls\stump\geofar_sh_ours\chkpnt40000.pth
Mip-NeRF360,stump,Residual heads,app_b_gate,Yes,,1,,,,,0.0092896129936,new_and_trained,<OUTPUT_ROOT>\output_ckpt30k\stump\chkpnt30000.pth,<PROJECT_ROOT>\output\paper_fairness_controls\stump\geofar_sh_ours\chkpnt40000.pth
Mip-NeRF360,stump,Residual heads,app_b_mask,Yes,,1,,,,,0.00210627214983,new_and_trained,<OUTPUT_ROOT>\output_ckpt30k\stump\chkpnt30000.pth,<PROJECT_ROOT>\output\paper_fairness_controls\stump\geofar_sh_ours\chkpnt40000.pth
Mip-NeRF360,stump,Residual heads,app_b_rgb,Yes,,3,,,,,0,new_and_trained,<OUTPUT_ROOT>\output_ckpt30k\stump\chkpnt30000.pth,<PROJECT_ROOT>\output\paper_fairness_controls\stump\geofar_sh_ours\chkpnt40000.pth
Mip-NeRF360,stump,Residual heads,app_b_spec,Yes,,3,,,,,0.0073032778843,new_and_trained,<OUTPUT_ROOT>\output_ckpt30k\stump\chkpnt30000.pth,<PROJECT_ROOT>\output\paper_fairness_controls\stump\geofar_sh_ours\chkpnt40000.pth
Mip-NeRF360,stump,Residual heads,app_w_diff,Yes,,3x12,,,,,0.0561716632276,new_and_trained,<OUTPUT_ROOT>\output_ckpt30k\stump\chkpnt30000.pth,<PROJECT_ROOT>\output\paper_fairness_controls\stump\geofar_sh_ours\chkpnt40000.pth
Mip-NeRF360,stump,Residual heads,app_w_gate,Yes,,1x12,,,,,0.0838594106026,new_and_trained,<OUTPUT_ROOT>\output_ckpt30k\stump\chkpnt30000.pth,<PROJECT_ROOT>\output\paper_fairness_controls\stump\geofar_sh_ours\chkpnt40000.pth
Mip-NeRF360,stump,Residual heads,app_w_mask,Yes,,1x12,,,,,0.0563574388941,new_and_trained,<OUTPUT_ROOT>\output_ckpt30k\stump\chkpnt30000.pth,<PROJECT_ROOT>\output\paper_fairness_controls\stump\geofar_sh_ours\chkpnt40000.pth
Mip-NeRF360,stump,Residual heads,app_w_rgb,Yes,,3x12,,,,,0.00826791041578,new_and_trained,<OUTPUT_ROOT>\output_ckpt30k\stump\chkpnt30000.pth,<PROJECT_ROOT>\output\paper_fairness_controls\stump\geofar_sh_ours\chkpnt40000.pth
Mip-NeRF360,stump,Residual heads,app_w_spec,Yes,,3x12,,,,,0.0577506154886,new_and_trained,<OUTPUT_ROOT>\output_ckpt30k\stump\chkpnt30000.pth,<PROJECT_ROOT>\output\paper_fairness_controls\stump\geofar_sh_ours\chkpnt40000.pth
Mip-NeRF360,treehill,Number of Gaussians,__num_gaussians__,No,3062126,3062126,0,0,0,3062126,3062126,PASS,<OUTPUT_ROOT>\output_ckpt30k\treehill\chkpnt30000.pth,<PROJECT_ROOT>\output\paper_fairness_controls\treehill\geofar_sh_ours\chkpnt40000.pth
Mip-NeRF360,treehill,Position,_xyz,No,3062126x3,3062126x3,0,0,0,6.00517253573,6.00517253573,PASS,<OUTPUT_ROOT>\output_ckpt30k\treehill\chkpnt30000.pth,<PROJECT_ROOT>\output\paper_fairness_controls\treehill\geofar_sh_ours\chkpnt40000.pth
Mip-NeRF360,treehill,Scale,_scaling,No,3062126x3,3062126x3,0,0,0,5.49790562064,5.49790562064,PASS,<OUTPUT_ROOT>\output_ckpt30k\treehill\chkpnt30000.pth,<PROJECT_ROOT>\output\paper_fairness_controls\treehill\geofar_sh_ours\chkpnt40000.pth
Mip-NeRF360,treehill,Rotation,_rotation,No,3062126x4,3062126x4,0,0,0,0.377882802298,0.377882802298,PASS,<OUTPUT_ROOT>\output_ckpt30k\treehill\chkpnt30000.pth,<PROJECT_ROOT>\output\paper_fairness_controls\treehill\geofar_sh_ours\chkpnt40000.pth
Mip-NeRF360,treehill,Opacity,_opacity,No,3062126x1,3062126x1,0,0,0,2.33092814381,2.33092814381,PASS,<OUTPUT_ROOT>\output_ckpt30k\treehill\chkpnt30000.pth,<PROJECT_ROOT>\output\paper_fairness_controls\treehill\geofar_sh_ours\chkpnt40000.pth
Mip-NeRF360,treehill,SH coefficients,_features_dc,Yes,3062126x1x3,3062126x1x3,0.0120248025282,0.222670316696,62.7510853252,1.59515509313,1.59736868423,PASS,<OUTPUT_ROOT>\output_ckpt30k\treehill\chkpnt30000.pth,<PROJECT_ROOT>\output\paper_fairness_controls\treehill\geofar_sh_ours\chkpnt40000.pth
Mip-NeRF360,treehill,SH coefficients,_features_rest,Yes,3062126x15x3,3062126x15x3,0.0197385950894,0.281531751156,358.985881313,0.0670346558796,0.0775943073764,PASS,<OUTPUT_ROOT>\output_ckpt30k\treehill\chkpnt30000.pth,<PROJECT_ROOT>\output\paper_fairness_controls\treehill\geofar_sh_ours\chkpnt40000.pth
Mip-NeRF360,treehill,Appearance latent,_appearance_latent,Yes,,3062126x8,,,,,0.156751023173,new_and_trained,<OUTPUT_ROOT>\output_ckpt30k\treehill\chkpnt30000.pth,<PROJECT_ROOT>\output\paper_fairness_controls\treehill\geofar_sh_ours\chkpnt40000.pth
Mip-NeRF360,treehill,Residual heads,app_b_diff,Yes,,3,,,,,0.00339345921141,new_and_trained,<OUTPUT_ROOT>\output_ckpt30k\treehill\chkpnt30000.pth,<PROJECT_ROOT>\output\paper_fairness_controls\treehill\geofar_sh_ours\chkpnt40000.pth
Mip-NeRF360,treehill,Residual heads,app_b_gate,Yes,,1,,,,,0.0102673377842,new_and_trained,<OUTPUT_ROOT>\output_ckpt30k\treehill\chkpnt30000.pth,<PROJECT_ROOT>\output\paper_fairness_controls\treehill\geofar_sh_ours\chkpnt40000.pth
Mip-NeRF360,treehill,Residual heads,app_b_mask,Yes,,1,,,,,0.00122914032545,new_and_trained,<OUTPUT_ROOT>\output_ckpt30k\treehill\chkpnt30000.pth,<PROJECT_ROOT>\output\paper_fairness_controls\treehill\geofar_sh_ours\chkpnt40000.pth
Mip-NeRF360,treehill,Residual heads,app_b_rgb,Yes,,3,,,,,0,new_and_trained,<OUTPUT_ROOT>\output_ckpt30k\treehill\chkpnt30000.pth,<PROJECT_ROOT>\output\paper_fairness_controls\treehill\geofar_sh_ours\chkpnt40000.pth
Mip-NeRF360,treehill,Residual heads,app_b_spec,Yes,,3,,,,,0.00482349353842,new_and_trained,<OUTPUT_ROOT>\output_ckpt30k\treehill\chkpnt30000.pth,<PROJECT_ROOT>\output\paper_fairness_controls\treehill\geofar_sh_ours\chkpnt40000.pth
Mip-NeRF360,treehill,Residual heads,app_w_diff,Yes,,3x12,,,,,0.0709849003397,new_and_trained,<OUTPUT_ROOT>\output_ckpt30k\treehill\chkpnt30000.pth,<PROJECT_ROOT>\output\paper_fairness_controls\treehill\geofar_sh_ours\chkpnt40000.pth
Mip-NeRF360,treehill,Residual heads,app_w_gate,Yes,,1x12,,,,,0.0298775718547,new_and_trained,<OUTPUT_ROOT>\output_ckpt30k\treehill\chkpnt30000.pth,<PROJECT_ROOT>\output\paper_fairness_controls\treehill\geofar_sh_ours\chkpnt40000.pth
Mip-NeRF360,treehill,Residual heads,app_w_mask,Yes,,1x12,,,,,0.0737354992622,new_and_trained,<OUTPUT_ROOT>\output_ckpt30k\treehill\chkpnt30000.pth,<PROJECT_ROOT>\output\paper_fairness_controls\treehill\geofar_sh_ours\chkpnt40000.pth
Mip-NeRF360,treehill,Residual heads,app_w_rgb,Yes,,3x12,,,,,0.00826791041578,new_and_trained,<OUTPUT_ROOT>\output_ckpt30k\treehill\chkpnt30000.pth,<PROJECT_ROOT>\output\paper_fairness_controls\treehill\geofar_sh_ours\chkpnt40000.pth
Mip-NeRF360,treehill,Residual heads,app_w_spec,Yes,,3x12,,,,,0.0718957893874,new_and_trained,<OUTPUT_ROOT>\output_ckpt30k\treehill\chkpnt30000.pth,<PROJECT_ROOT>\output\paper_fairness_controls\treehill\geofar_sh_ours\chkpnt40000.pth
Tanks&Temples,train,Number of Gaussians,__num_gaussians__,No,1089685,1089685,0,0,0,1089685,1089685,PASS,<OUTPUT_ROOT>\output_ckpt30k\train\chkpnt30000.pth,<PROJECT_ROOT>\output\paper_fairness_controls\train\geofar_sh_ours\chkpnt40000.pth
Tanks&Temples,train,Position,_xyz,No,1089685x3,1089685x3,0,0,0,5.26097318825,5.26097318825,PASS,<OUTPUT_ROOT>\output_ckpt30k\train\chkpnt30000.pth,<PROJECT_ROOT>\output\paper_fairness_controls\train\geofar_sh_ours\chkpnt40000.pth
Tanks&Temples,train,Scale,_scaling,No,1089685x3,1089685x3,0,0,0,5.67533041114,5.67533041114,PASS,<OUTPUT_ROOT>\output_ckpt30k\train\chkpnt30000.pth,<PROJECT_ROOT>\output\paper_fairness_controls\train\geofar_sh_ours\chkpnt40000.pth
Tanks&Temples,train,Rotation,_rotation,No,1089685x4,1089685x4,0,0,0,0.378153574099,0.378153574099,PASS,<OUTPUT_ROOT>\output_ckpt30k\train\chkpnt30000.pth,<PROJECT_ROOT>\output\paper_fairness_controls\train\geofar_sh_ours\chkpnt40000.pth
Tanks&Temples,train,Opacity,_opacity,No,1089685x1,1089685x1,0,0,0,2.29215141268,2.29215141268,PASS,<OUTPUT_ROOT>\output_ckpt30k\train\chkpnt30000.pth,<PROJECT_ROOT>\output\paper_fairness_controls\train\geofar_sh_ours\chkpnt40000.pth
Tanks&Temples,train,SH coefficients,_features_dc,Yes,1089685x1x3,1089685x1x3,0.0101883260487,0.20291185379,29.222159488,1.36673231696,1.36884753729,PASS,<OUTPUT_ROOT>\output_ckpt30k\train\chkpnt30000.pth,<PROJECT_ROOT>\output\paper_fairness_controls\train\geofar_sh_ours\chkpnt40000.pth
Tanks&Temples,train,SH coefficients,_features_rest,Yes,1089685x15x3,1089685x15x3,0.0161513620914,0.290424585342,169.16118187,0.0497023920151,0.0584344048065,PASS,<OUTPUT_ROOT>\output_ckpt30k\train\chkpnt30000.pth,<PROJECT_ROOT>\output\paper_fairness_controls\train\geofar_sh_ours\chkpnt40000.pth
Tanks&Temples,train,Appearance latent,_appearance_latent,Yes,,1089685x8,,,,,0.162698815092,new_and_trained,<OUTPUT_ROOT>\output_ckpt30k\train\chkpnt30000.pth,<PROJECT_ROOT>\output\paper_fairness_controls\train\geofar_sh_ours\chkpnt40000.pth
Tanks&Temples,train,Residual heads,app_b_diff,Yes,,3,,,,,0.00159769267096,new_and_trained,<OUTPUT_ROOT>\output_ckpt30k\train\chkpnt30000.pth,<PROJECT_ROOT>\output\paper_fairness_controls\train\geofar_sh_ours\chkpnt40000.pth
Tanks&Temples,train,Residual heads,app_b_gate,Yes,,1,,,,,0.0212553497404,new_and_trained,<OUTPUT_ROOT>\output_ckpt30k\train\chkpnt30000.pth,<PROJECT_ROOT>\output\paper_fairness_controls\train\geofar_sh_ours\chkpnt40000.pth
Tanks&Temples,train,Residual heads,app_b_mask,Yes,,1,,,,,0.00027027312899,new_and_trained,<OUTPUT_ROOT>\output_ckpt30k\train\chkpnt30000.pth,<PROJECT_ROOT>\output\paper_fairness_controls\train\geofar_sh_ours\chkpnt40000.pth
Tanks&Temples,train,Residual heads,app_b_rgb,Yes,,3,,,,,0,new_and_trained,<OUTPUT_ROOT>\output_ckpt30k\train\chkpnt30000.pth,<PROJECT_ROOT>\output\paper_fairness_controls\train\geofar_sh_ours\chkpnt40000.pth
Tanks&Temples,train,Residual heads,app_b_spec,Yes,,3,,,,,0.00326516040756,new_and_trained,<OUTPUT_ROOT>\output_ckpt30k\train\chkpnt30000.pth,<PROJECT_ROOT>\output\paper_fairness_controls\train\geofar_sh_ours\chkpnt40000.pth
Tanks&Temples,train,Residual heads,app_w_diff,Yes,,3x12,,,,,0.0810760335355,new_and_trained,<OUTPUT_ROOT>\output_ckpt30k\train\chkpnt30000.pth,<PROJECT_ROOT>\output\paper_fairness_controls\train\geofar_sh_ours\chkpnt40000.pth
Tanks&Temples,train,Residual heads,app_w_gate,Yes,,1x12,,,,,0.0106174466491,new_and_trained,<OUTPUT_ROOT>\output_ckpt30k\train\chkpnt30000.pth,<PROJECT_ROOT>\output\paper_fairness_controls\train\geofar_sh_ours\chkpnt40000.pth
Tanks&Temples,train,Residual heads,app_w_mask,Yes,,1x12,,,,,0.0629301274409,new_and_trained,<OUTPUT_ROOT>\output_ckpt30k\train\chkpnt30000.pth,<PROJECT_ROOT>\output\paper_fairness_controls\train\geofar_sh_ours\chkpnt40000.pth
Tanks&Temples,train,Residual heads,app_w_rgb,Yes,,3x12,,,,,0.00826791041578,new_and_trained,<OUTPUT_ROOT>\output_ckpt30k\train\chkpnt30000.pth,<PROJECT_ROOT>\output\paper_fairness_controls\train\geofar_sh_ours\chkpnt40000.pth
Tanks&Temples,train,Residual heads,app_w_spec,Yes,,3x12,,,,,0.0810795750618,new_and_trained,<OUTPUT_ROOT>\output_ckpt30k\train\chkpnt30000.pth,<PROJECT_ROOT>\output\paper_fairness_controls\train\geofar_sh_ours\chkpnt40000.pth
Tanks&Temples,truck,Number of Gaussians,__num_gaussians__,No,2055715,2055715,0,0,0,2055715,2055715,PASS,<OUTPUT_ROOT>\output_ckpt30k\truck\chkpnt30000.pth,<PROJECT_ROOT>\output\paper_fairness_controls\truck\geofar_sh_ours\chkpnt40000.pth
Tanks&Temples,truck,Position,_xyz,No,2055715x3,2055715x3,0,0,0,7.87563195224,7.87563195224,PASS,<OUTPUT_ROOT>\output_ckpt30k\truck\chkpnt30000.pth,<PROJECT_ROOT>\output\paper_fairness_controls\truck\geofar_sh_ours\chkpnt40000.pth
Tanks&Temples,truck,Scale,_scaling,No,2055715x3,2055715x3,0,0,0,5.78530624889,5.78530624889,PASS,<OUTPUT_ROOT>\output_ckpt30k\truck\chkpnt30000.pth,<PROJECT_ROOT>\output\paper_fairness_controls\truck\geofar_sh_ours\chkpnt40000.pth
Tanks&Temples,truck,Rotation,_rotation,No,2055715x4,2055715x4,0,0,0,0.385702074886,0.385702074886,PASS,<OUTPUT_ROOT>\output_ckpt30k\truck\chkpnt30000.pth,<PROJECT_ROOT>\output\paper_fairness_controls\truck\geofar_sh_ours\chkpnt40000.pth
Tanks&Temples,truck,Opacity,_opacity,No,2055715x1,2055715x1,0,0,0,2.53215426742,2.53215426742,PASS,<OUTPUT_ROOT>\output_ckpt30k\truck\chkpnt30000.pth,<PROJECT_ROOT>\output\paper_fairness_controls\truck\geofar_sh_ours\chkpnt40000.pth
Tanks&Temples,truck,SH coefficients,_features_dc,Yes,2055715x1x3,2055715x1x3,0.00995119432125,0.231932640076,38.8521308474,1.34456183461,1.3468479943,PASS,<OUTPUT_ROOT>\output_ckpt30k\truck\chkpnt30000.pth,<PROJECT_ROOT>\output\paper_fairness_controls\truck\geofar_sh_ours\chkpnt40000.pth
Tanks&Temples,truck,SH coefficients,_features_rest,Yes,2055715x15x3,2055715x15x3,0.0134546079587,0.263042151928,197.302625413,0.0422570093234,0.0493283721282,PASS,<OUTPUT_ROOT>\output_ckpt30k\truck\chkpnt30000.pth,<PROJECT_ROOT>\output\paper_fairness_controls\truck\geofar_sh_ours\chkpnt40000.pth
Tanks&Temples,truck,Appearance latent,_appearance_latent,Yes,,2055715x8,,,,,0.163781367739,new_and_trained,<OUTPUT_ROOT>\output_ckpt30k\truck\chkpnt30000.pth,<PROJECT_ROOT>\output\paper_fairness_controls\truck\geofar_sh_ours\chkpnt40000.pth
Tanks&Temples,truck,Residual heads,app_b_diff,Yes,,3,,,,,0.0050944678563,new_and_trained,<OUTPUT_ROOT>\output_ckpt30k\truck\chkpnt30000.pth,<PROJECT_ROOT>\output\paper_fairness_controls\truck\geofar_sh_ours\chkpnt40000.pth
Tanks&Temples,truck,Residual heads,app_b_gate,Yes,,1,,,,,0.00772855896503,new_and_trained,<OUTPUT_ROOT>\output_ckpt30k\truck\chkpnt30000.pth,<PROJECT_ROOT>\output\paper_fairness_controls\truck\geofar_sh_ours\chkpnt40000.pth
Tanks&Temples,truck,Residual heads,app_b_mask,Yes,,1,,,,,0.000972348963842,new_and_trained,<OUTPUT_ROOT>\output_ckpt30k\truck\chkpnt30000.pth,<PROJECT_ROOT>\output\paper_fairness_controls\truck\geofar_sh_ours\chkpnt40000.pth
Tanks&Temples,truck,Residual heads,app_b_rgb,Yes,,3,,,,,0,new_and_trained,<OUTPUT_ROOT>\output_ckpt30k\truck\chkpnt30000.pth,<PROJECT_ROOT>\output\paper_fairness_controls\truck\geofar_sh_ours\chkpnt40000.pth
Tanks&Temples,truck,Residual heads,app_b_spec,Yes,,3,,,,,0.00680058697859,new_and_trained,<OUTPUT_ROOT>\output_ckpt30k\truck\chkpnt30000.pth,<PROJECT_ROOT>\output\paper_fairness_controls\truck\geofar_sh_ours\chkpnt40000.pth
Tanks&Temples,truck,Residual heads,app_w_diff,Yes,,3x12,,,,,0.048177934128,new_and_trained,<OUTPUT_ROOT>\output_ckpt30k\truck\chkpnt30000.pth,<PROJECT_ROOT>\output\paper_fairness_controls\truck\geofar_sh_ours\chkpnt40000.pth
Tanks&Temples,truck,Residual heads,app_w_gate,Yes,,1x12,,,,,0.0188317398946,new_and_trained,<OUTPUT_ROOT>\output_ckpt30k\truck\chkpnt30000.pth,<PROJECT_ROOT>\output\paper_fairness_controls\truck\geofar_sh_ours\chkpnt40000.pth
Tanks&Temples,truck,Residual heads,app_w_mask,Yes,,1x12,,,,,0.0500347186705,new_and_trained,<OUTPUT_ROOT>\output_ckpt30k\truck\chkpnt30000.pth,<PROJECT_ROOT>\output\paper_fairness_controls\truck\geofar_sh_ours\chkpnt40000.pth
Tanks&Temples,truck,Residual heads,app_w_rgb,Yes,,3x12,,,,,0.00826791041578,new_and_trained,<OUTPUT_ROOT>\output_ckpt30k\truck\chkpnt30000.pth,<PROJECT_ROOT>\output\paper_fairness_controls\truck\geofar_sh_ours\chkpnt40000.pth
Tanks&Temples,truck,Residual heads,app_w_spec,Yes,,3x12,,,,,0.049091903627,new_and_trained,<OUTPUT_ROOT>\output_ckpt30k\truck\chkpnt30000.pth,<PROJECT_ROOT>\output\paper_fairness_controls\truck\geofar_sh_ours\chkpnt40000.pth
DeepBlending,drjohnson,Number of Gaussians,__num_gaussians__,No,3116277,3116277,0,0,0,3116277,3116277,PASS,<OUTPUT_ROOT>\output_ckpt30k\drjohnson\chkpnt30000.pth,<PROJECT_ROOT>\output\paper_fairness_controls\drjohnson\geofar_sh_ours\chkpnt40000.pth
DeepBlending,drjohnson,Position,_xyz,No,3116277x3,3116277x3,0,0,0,2.20714808778,2.20714808778,PASS,<OUTPUT_ROOT>\output_ckpt30k\drjohnson\chkpnt30000.pth,<PROJECT_ROOT>\output\paper_fairness_controls\drjohnson\geofar_sh_ours\chkpnt40000.pth
DeepBlending,drjohnson,Scale,_scaling,No,3116277x3,3116277x3,0,0,0,5.45826098951,5.45826098951,PASS,<OUTPUT_ROOT>\output_ckpt30k\drjohnson\chkpnt30000.pth,<PROJECT_ROOT>\output\paper_fairness_controls\drjohnson\geofar_sh_ours\chkpnt40000.pth
DeepBlending,drjohnson,Rotation,_rotation,No,3116277x4,3116277x4,0,0,0,0.360748912615,0.360748912615,PASS,<OUTPUT_ROOT>\output_ckpt30k\drjohnson\chkpnt30000.pth,<PROJECT_ROOT>\output\paper_fairness_controls\drjohnson\geofar_sh_ours\chkpnt40000.pth
DeepBlending,drjohnson,Opacity,_opacity,No,3116277x1,3116277x1,0,0,0,2.41791627523,2.41791627523,PASS,<OUTPUT_ROOT>\output_ckpt30k\drjohnson\chkpnt30000.pth,<PROJECT_ROOT>\output\paper_fairness_controls\drjohnson\geofar_sh_ours\chkpnt40000.pth
DeepBlending,drjohnson,SH coefficients,_features_dc,Yes,3116277x1x3,3116277x1x3,0.0107697952579,0.170659542084,52.2539845205,0.878306285132,0.879111820606,PASS,<OUTPUT_ROOT>\output_ckpt30k\drjohnson\chkpnt30000.pth,<PROJECT_ROOT>\output\paper_fairness_controls\drjohnson\geofar_sh_ours\chkpnt40000.pth
DeepBlending,drjohnson,SH coefficients,_features_rest,Yes,3116277x15x3,3116277x15x3,0.0149070746468,0.222561776638,262.289641848,0.0295682724646,0.0374903528818,PASS,<OUTPUT_ROOT>\output_ckpt30k\drjohnson\chkpnt30000.pth,<PROJECT_ROOT>\output\paper_fairness_controls\drjohnson\geofar_sh_ours\chkpnt40000.pth
DeepBlending,drjohnson,Appearance latent,_appearance_latent,Yes,,3116277x8,,,,,0.196886384043,new_and_trained,<OUTPUT_ROOT>\output_ckpt30k\drjohnson\chkpnt30000.pth,<PROJECT_ROOT>\output\paper_fairness_controls\drjohnson\geofar_sh_ours\chkpnt40000.pth
DeepBlending,drjohnson,Residual heads,app_b_diff,Yes,,3,,,,,0.00285104988143,new_and_trained,<OUTPUT_ROOT>\output_ckpt30k\drjohnson\chkpnt30000.pth,<PROJECT_ROOT>\output\paper_fairness_controls\drjohnson\geofar_sh_ours\chkpnt40000.pth
DeepBlending,drjohnson,Residual heads,app_b_gate,Yes,,1,,,,,0.00323607330211,new_and_trained,<OUTPUT_ROOT>\output_ckpt30k\drjohnson\chkpnt30000.pth,<PROJECT_ROOT>\output\paper_fairness_controls\drjohnson\geofar_sh_ours\chkpnt40000.pth
DeepBlending,drjohnson,Residual heads,app_b_mask,Yes,,1,,,,,0.000304338143906,new_and_trained,<OUTPUT_ROOT>\output_ckpt30k\drjohnson\chkpnt30000.pth,<PROJECT_ROOT>\output\paper_fairness_controls\drjohnson\geofar_sh_ours\chkpnt40000.pth
DeepBlending,drjohnson,Residual heads,app_b_rgb,Yes,,3,,,,,0,new_and_trained,<OUTPUT_ROOT>\output_ckpt30k\drjohnson\chkpnt30000.pth,<PROJECT_ROOT>\output\paper_fairness_controls\drjohnson\geofar_sh_ours\chkpnt40000.pth
DeepBlending,drjohnson,Residual heads,app_b_spec,Yes,,3,,,,,0.00290090367344,new_and_trained,<OUTPUT_ROOT>\output_ckpt30k\drjohnson\chkpnt30000.pth,<PROJECT_ROOT>\output\paper_fairness_controls\drjohnson\geofar_sh_ours\chkpnt40000.pth
DeepBlending,drjohnson,Residual heads,app_w_diff,Yes,,3x12,,,,,0.0492137618898,new_and_trained,<OUTPUT_ROOT>\output_ckpt30k\drjohnson\chkpnt30000.pth,<PROJECT_ROOT>\output\paper_fairness_controls\drjohnson\geofar_sh_ours\chkpnt40000.pth
DeepBlending,drjohnson,Residual heads,app_w_gate,Yes,,1x12,,,,,0.0358101098876,new_and_trained,<OUTPUT_ROOT>\output_ckpt30k\drjohnson\chkpnt30000.pth,<PROJECT_ROOT>\output\paper_fairness_controls\drjohnson\geofar_sh_ours\chkpnt40000.pth
DeepBlending,drjohnson,Residual heads,app_w_mask,Yes,,1x12,,,,,0.0235286350944,new_and_trained,<OUTPUT_ROOT>\output_ckpt30k\drjohnson\chkpnt30000.pth,<PROJECT_ROOT>\output\paper_fairness_controls\drjohnson\geofar_sh_ours\chkpnt40000.pth
DeepBlending,drjohnson,Residual heads,app_w_rgb,Yes,,3x12,,,,,0.00826791041578,new_and_trained,<OUTPUT_ROOT>\output_ckpt30k\drjohnson\chkpnt30000.pth,<PROJECT_ROOT>\output\paper_fairness_controls\drjohnson\geofar_sh_ours\chkpnt40000.pth
DeepBlending,drjohnson,Residual heads,app_w_spec,Yes,,3x12,,,,,0.0467685597636,new_and_trained,<OUTPUT_ROOT>\output_ckpt30k\drjohnson\chkpnt30000.pth,<PROJECT_ROOT>\output\paper_fairness_controls\drjohnson\geofar_sh_ours\chkpnt40000.pth
DeepBlending,playroom,Number of Gaussians,__num_gaussians__,No,1839289,1839289,0,0,0,1839289,1839289,PASS,<OUTPUT_ROOT>\output_ckpt30k\playroom\chkpnt30000.pth,<PROJECT_ROOT>\output\paper_fairness_controls\playroom\geofar_sh_ours\chkpnt40000.pth
DeepBlending,playroom,Position,_xyz,No,1839289x3,1839289x3,0,0,0,2.81666226537,2.81666226537,PASS,<OUTPUT_ROOT>\output_ckpt30k\playroom\chkpnt30000.pth,<PROJECT_ROOT>\output\paper_fairness_controls\playroom\geofar_sh_ours\chkpnt40000.pth
DeepBlending,playroom,Scale,_scaling,No,1839289x3,1839289x3,0,0,0,5.06283183057,5.06283183057,PASS,<OUTPUT_ROOT>\output_ckpt30k\playroom\chkpnt30000.pth,<PROJECT_ROOT>\output\paper_fairness_controls\playroom\geofar_sh_ours\chkpnt40000.pth
DeepBlending,playroom,Rotation,_rotation,No,1839289x4,1839289x4,0,0,0,0.370388777748,0.370388777748,PASS,<OUTPUT_ROOT>\output_ckpt30k\playroom\chkpnt30000.pth,<PROJECT_ROOT>\output\paper_fairness_controls\playroom\geofar_sh_ours\chkpnt40000.pth
DeepBlending,playroom,Opacity,_opacity,No,1839289x1,1839289x1,0,0,0,2.27143632563,2.27143632563,PASS,<OUTPUT_ROOT>\output_ckpt30k\playroom\chkpnt30000.pth,<PROJECT_ROOT>\output\paper_fairness_controls\playroom\geofar_sh_ours\chkpnt40000.pth
DeepBlending,playroom,SH coefficients,_features_dc,Yes,1839289x1x3,1839289x1x3,0.00945105489353,0.189567565918,36.355270965,1.02207613239,1.02334810905,PASS,<OUTPUT_ROOT>\output_ckpt30k\playroom\chkpnt30000.pth,<PROJECT_ROOT>\output\paper_fairness_controls\playroom\geofar_sh_ours\chkpnt40000.pth
DeepBlending,playroom,SH coefficients,_features_rest,Yes,1839289x15x3,1839289x15x3,0.0127767957508,0.20731648989,181.532924562,0.0282448598065,0.0348958960482,PASS,<OUTPUT_ROOT>\output_ckpt30k\playroom\chkpnt30000.pth,<PROJECT_ROOT>\output\paper_fairness_controls\playroom\geofar_sh_ours\chkpnt40000.pth
DeepBlending,playroom,Appearance latent,_appearance_latent,Yes,,1839289x8,,,,,0.153379674728,new_and_trained,<OUTPUT_ROOT>\output_ckpt30k\playroom\chkpnt30000.pth,<PROJECT_ROOT>\output\paper_fairness_controls\playroom\geofar_sh_ours\chkpnt40000.pth
DeepBlending,playroom,Residual heads,app_b_diff,Yes,,3,,,,,0.00226287296149,new_and_trained,<OUTPUT_ROOT>\output_ckpt30k\playroom\chkpnt30000.pth,<PROJECT_ROOT>\output\paper_fairness_controls\playroom\geofar_sh_ours\chkpnt40000.pth
DeepBlending,playroom,Residual heads,app_b_gate,Yes,,1,,,,,0.062083568424,new_and_trained,<OUTPUT_ROOT>\output_ckpt30k\playroom\chkpnt30000.pth,<PROJECT_ROOT>\output\paper_fairness_controls\playroom\geofar_sh_ours\chkpnt40000.pth
DeepBlending,playroom,Residual heads,app_b_mask,Yes,,1,,,,,0.00179830356501,new_and_trained,<OUTPUT_ROOT>\output_ckpt30k\playroom\chkpnt30000.pth,<PROJECT_ROOT>\output\paper_fairness_controls\playroom\geofar_sh_ours\chkpnt40000.pth
DeepBlending,playroom,Residual heads,app_b_rgb,Yes,,3,,,,,0,new_and_trained,<OUTPUT_ROOT>\output_ckpt30k\playroom\chkpnt30000.pth,<PROJECT_ROOT>\output\paper_fairness_controls\playroom\geofar_sh_ours\chkpnt40000.pth
DeepBlending,playroom,Residual heads,app_b_spec,Yes,,3,,,,,0.00194271178528,new_and_trained,<OUTPUT_ROOT>\output_ckpt30k\playroom\chkpnt30000.pth,<PROJECT_ROOT>\output\paper_fairness_controls\playroom\geofar_sh_ours\chkpnt40000.pth
DeepBlending,playroom,Residual heads,app_w_diff,Yes,,3x12,,,,,0.0456972485335,new_and_trained,<OUTPUT_ROOT>\output_ckpt30k\playroom\chkpnt30000.pth,<PROJECT_ROOT>\output\paper_fairness_controls\playroom\geofar_sh_ours\chkpnt40000.pth
DeepBlending,playroom,Residual heads,app_w_gate,Yes,,1x12,,,,,0.0290586892127,new_and_trained,<OUTPUT_ROOT>\output_ckpt30k\playroom\chkpnt30000.pth,<PROJECT_ROOT>\output\paper_fairness_controls\playroom\geofar_sh_ours\chkpnt40000.pth
DeepBlending,playroom,Residual heads,app_w_mask,Yes,,1x12,,,,,0.0418724540311,new_and_trained,<OUTPUT_ROOT>\output_ckpt30k\playroom\chkpnt30000.pth,<PROJECT_ROOT>\output\paper_fairness_controls\playroom\geofar_sh_ours\chkpnt40000.pth
DeepBlending,playroom,Residual heads,app_w_rgb,Yes,,3x12,,,,,0.00826791041578,new_and_trained,<OUTPUT_ROOT>\output_ckpt30k\playroom\chkpnt30000.pth,<PROJECT_ROOT>\output\paper_fairness_controls\playroom\geofar_sh_ours\chkpnt40000.pth
DeepBlending,playroom,Residual heads,app_w_spec,Yes,,3x12,,,,,0.0458495089309,new_and_trained,<OUTPUT_ROOT>\output_ckpt30k\playroom\chkpnt30000.pth,<PROJECT_ROOT>\output\paper_fairness_controls\playroom\geofar_sh_ours\chkpnt40000.pth



